survived,pclass,sex,age,sibsp,parch,fare,embarked,class,who,adult_male,embark_town,alive,alone,PassengerID
0,3,male,22.0,1,0,7.25,S,Third,man,True,Southampton,no,False,1
1,1,female,38.0,1,0,71.2833,C,First,woman,False,Cherbourg,yes,False,2
1,3,female,26.0,0,0,7.925,S,Third,woman,False,Southampton,yes,True,3
1,1,female,35.0,1,0,53.1,S,First,woman,False,Southampton,yes,False,4
0,3,male,35.0,0,0,8.05,S,Third,man,True,Southampton,no,True,5
0,3,male,23.0,0,0,8.4583,Q,Third,man,True,Queenstown,no,True,6
0,1,male,54.0,0,0,51.8625,S,First,man,True,Southampton,no,True,7
0,3,male,2.0,3,1,21.075,S,Third,child,False,Southampton,no,False,8
1,3,female,27.0,0,2,11.1333,S,Third,woman,False,Southampton,yes,False,9
1,2,female,14.0,1,0,30.0708,C,Second,child,False,Cherbourg,yes,False,10
1,3,female,4.0,1,1,16.7,S,Third,child,False,Southampton,yes,False,11
1,1,female,58.0,0,0,26.55,S,First,woman,False,Southampton,yes,True,12
0,3,male,20.0,0,0,8.05,S,Third,man,True,Southampton,no,True,13
0,3,male,39.0,1,5,31.275,S,Third,man,True,Southampton,no,False,14
0,3,female,14.0,0,0,7.8542,S,Third,child,False,Southampton,no,True,15
1,2,female,55.0,0,0,16.0,S,Second,woman,False,Southampton,yes,True,16
0,3,male,2.0,4,1,29.125,Q,Third,child,False,Queenstown,no,False,17
1,2,male,29.0,0,0,13.0,S,Second,man,True,Southampton,yes,True,18
0,3,female,31.0,1,0,18.0,S,Third,woman,False,Southampton,no,False,19
1,3,female,23.0,0,0,7.225,C,Third,woman,False,Cherbourg,yes,True,20
0,2,male,35.0,0,0,26.0,S,Second,man,True,Southampton,no,True,21
1,2,male,34.0,0,0,13.0,S,Second,man,True,Southampton,yes,True,22
1,3,female,15.0,0,0,8.0292,Q,Third,child,False,Queenstown,yes,True,23
1,1,male,28.0,0,0,35.5,S,First,man,True,Southampton,yes,True,24
0,3,female,8.0,3,1,21.075,S,Third,child,False,Southampton,no,False,25
1,3,female,38.0,1,5,31.3875,S,Third,woman,False,Southampton,yes,False,26
0,3,male,23.0,0,0,7.225,C,Third,man,True,Cherbourg,no,True,27
0,1,male,19.0,3,2,263.0,S,First,man,True,Southampton,no,False,28
1,3,female,23.0,0,0,7.8792,Q,Third,woman,False,Queenstown,yes,True,29
0,3,male,23.0,0,0,7.8958,S,Third,man,True,Southampton,no,True,30
0,1,male,40.0,0,0,27.7208,C,First,man,True,Cherbourg,no,True,31
1,1,female,37.0,1,0,146.5208,C,First,woman,False,Cherbourg,yes,False,32
1,3,female,23.0,0,0,7.75,Q,Third,woman,False,Queenstown,yes,True,33
0,2,male,66.0,0,0,10.5,S,Second,man,True,Southampton,no,True,34
0,1,male,28.0,1,0,82.1708,C,First,man,True,Cherbourg,no,False,35
0,1,male,42.0,1,0,52.0,S,First,man,True,Southampton,no,False,36
1,3,male,23.0,0,0,7.2292,C,Third,man,True,Cherbourg,yes,True,37
0,3,male,21.0,0,0,8.05,S,Third,man,True,Southampton,no,True,38
0,3,female,18.0,2,0,18.0,S,Third,woman,False,Southampton,no,False,39
1,3,female,14.0,1,0,11.2417,C,Third,child,False,Cherbourg,yes,False,40
0,3,female,40.0,1,0,9.475,S,Third,woman,False,Southampton,no,False,41
0,2,female,27.0,1,0,21.0,S,Second,woman,False,Southampton,no,False,42
0,3,male,23.0,0,0,7.8958,C,Third,man,True,Cherbourg,no,True,43
1,2,female,3.0,1,2,41.5792,C,Second,child,False,Cherbourg,yes,False,44
1,3,female,19.0,0,0,7.8792,Q,Third,woman,False,Queenstown,yes,True,45
0,3,male,23.0,0,0,8.05,S,Third,man,True,Southampton,no,True,46
0,3,male,23.0,1,0,15.5,Q,Third,man,True,Queenstown,no,False,47
0,3,male,23.0,2,0,21.6792,C,Third,man,True,Cherbourg,no,False,48
0,3,female,18.0,1,0,17.8,S,Third,woman,False,Southampton,no,False,49
0,3,male,7.0,4,1,39.6875,S,Third,child,False,Southampton,no,False,50
0,3,male,21.0,0,0,7.8,S,Third,man,True,Southampton,no,True,51
1,1,female,49.0,1,0,76.7292,C,First,woman,False,Cherbourg,yes,False,52
1,2,female,29.0,1,0,26.0,S,Second,woman,False,Southampton,yes,False,53
0,1,male,65.0,0,1,61.9792,C,First,man,True,Cherbourg,no,False,54
1,1,male,37.0,0,0,35.5,S,First,man,True,Southampton,yes,True,55
1,2,female,21.0,0,0,10.5,S,Second,woman,False,Southampton,yes,True,56
0,3,male,28.5,0,0,7.2292,C,Third,man,True,Cherbourg,no,True,57
1,2,female,5.0,1,2,27.75,S,Second,child,False,Southampton,yes,False,58
0,3,male,11.0,5,2,46.9,S,Third,child,False,Southampton,no,False,59
0,3,male,22.0,0,0,7.2292,C,Third,man,True,Cherbourg,no,True,60
1,1,female,38.0,0,0,80.0,C,First,woman,False,Cherbourg,yes,True,61
0,1,male,45.0,1,0,83.475,S,First,man,True,Southampton,no,False,62
0,3,male,4.0,3,2,27.9,S,Third,child,False,Southampton,no,False,63
0,1,male,37.0,0,0,27.7208,C,First,man,True,Cherbourg,no,True,64
1,3,male,23.0,1,1,15.2458,C,Third,man,True,Cherbourg,yes,False,65
1,2,female,29.0,0,0,10.5,S,Second,woman,False,Southampton,yes,True,66
0,3,male,19.0,0,0,8.1583,S,Third,man,True,Southampton,no,True,67
1,3,female,17.0,4,2,7.925,S,Third,woman,False,Southampton,yes,False,68
0,3,male,26.0,2,0,8.6625,S,Third,man,True,Southampton,no,False,69
0,2,male,32.0,0,0,10.5,S,Second,man,True,Southampton,no,True,70
0,3,female,16.0,5,2,46.9,S,Third,woman,False,Southampton,no,False,71
0,2,male,21.0,0,0,73.5,S,Second,man,True,Southampton,no,True,72
0,3,male,26.0,1,0,14.4542,C,Third,man,True,Cherbourg,no,False,73
1,3,male,32.0,0,0,56.4958,S,Third,man,True,Southampton,yes,True,74
0,3,male,25.0,0,0,7.65,S,Third,man,True,Southampton,no,True,75
1,2,male,0.83,0,2,29.0,S,Second,child,False,Southampton,yes,False,76
1,3,female,30.0,0,0,12.475,S,Third,woman,False,Southampton,yes,True,77
0,3,male,22.0,0,0,9.0,S,Third,man,True,Southampton,no,True,78
1,3,male,29.0,0,0,9.5,S,Third,man,True,Southampton,yes,True,79
1,3,female,23.0,0,0,7.7875,Q,Third,woman,False,Queenstown,yes,True,80
0,1,male,28.0,0,0,47.1,S,First,man,True,Southampton,no,True,81
1,2,female,17.0,0,0,10.5,S,Second,woman,False,Southampton,yes,True,82
1,3,female,33.0,3,0,15.85,S,Third,woman,False,Southampton,yes,False,83
0,3,male,16.0,1,3,34.375,S,Third,man,True,Southampton,no,False,84
1,1,female,23.0,3,2,263.0,S,First,woman,False,Southampton,yes,False,85
0,3,male,24.0,0,0,8.05,S,Third,man,True,Southampton,no,True,86
0,3,male,29.0,0,0,8.05,S,Third,man,True,Southampton,no,True,87
0,3,male,20.0,0,0,7.8542,S,Third,man,True,Southampton,no,True,88
0,1,male,46.0,1,0,61.175,S,First,man,True,Southampton,no,False,89
0,3,male,26.0,1,2,20.575,S,Third,man,True,Southampton,no,False,90
0,3,male,59.0,0,0,7.25,S,Third,man,True,Southampton,no,True,91
0,1,male,71.0,0,0,34.6542,C,First,man,True,Cherbourg,no,True,92
1,1,male,23.0,0,1,63.3583,C,First,man,True,Cherbourg,yes,False,93
1,2,female,34.0,0,1,23.0,S,Second,woman,False,Southampton,yes,False,94
0,2,male,34.0,1,0,26.0,S,Second,man,True,Southampton,no,False,95
0,3,female,28.0,0,0,7.8958,S,Third,woman,False,Southampton,no,True,96
0,1,male,21.0,0,1,77.2875,S,First,man,True,Southampton,no,False,97
0,3,male,33.0,0,0,8.6542,S,Third,man,True,Southampton,no,True,98
0,3,male,37.0,2,0,7.925,S,Third,man,True,Southampton,no,False,99
0,3,male,28.0,0,0,7.8958,S,Third,man,True,Southampton,no,True,100
1,3,female,21.0,0,0,7.65,S,Third,woman,False,Southampton,yes,True,101
1,3,male,23.0,0,0,7.775,S,Third,man,True,Southampton,yes,True,102
0,3,male,38.0,0,0,7.8958,S,Third,man,True,Southampton,no,True,103
1,3,female,23.0,1,0,24.15,Q,Third,woman,False,Queenstown,yes,False,104
0,1,male,47.0,0,0,52.0,S,First,man,True,Southampton,no,True,105
0,3,female,14.5,1,0,14.4542,C,Third,child,False,Cherbourg,no,False,106
0,3,male,22.0,0,0,8.05,S,Third,man,True,Southampton,no,True,107
0,3,female,20.0,1,0,9.825,S,Third,woman,False,Southampton,no,False,108
0,3,female,17.0,0,0,14.4583,C,Third,woman,False,Cherbourg,no,True,109
0,3,male,21.0,0,0,7.925,S,Third,man,True,Southampton,no,True,110
0,3,male,70.5,0,0,7.75,Q,Third,man,True,Queenstown,no,True,111
0,2,male,29.0,1,0,21.0,S,Second,man,True,Southampton,no,False,112
0,1,male,24.0,0,1,247.5208,C,First,man,True,Cherbourg,no,False,113
0,3,female,2.0,4,2,31.275,S,Third,child,False,Southampton,no,False,114
0,2,male,21.0,2,0,73.5,S,Second,man,True,Southampton,no,False,115
0,2,male,32.5,1,0,30.0708,C,Second,man,True,Cherbourg,no,False,116
1,2,female,32.5,0,0,13.0,S,Second,woman,False,Southampton,yes,True,117
0,1,male,54.0,0,1,77.2875,S,First,man,True,Southampton,no,False,118
1,3,male,12.0,1,0,11.2417,C,Third,child,False,Cherbourg,yes,False,119
0,3,male,23.0,0,0,7.75,Q,Third,man,True,Queenstown,no,True,120
1,3,male,24.0,0,0,7.1417,S,Third,man,True,Southampton,yes,True,121
1,3,female,23.0,1,1,22.3583,C,Third,woman,False,Cherbourg,yes,False,122
0,3,male,45.0,0,0,6.975,S,Third,man,True,Southampton,no,True,123
0,3,male,33.0,0,0,7.8958,C,Third,man,True,Cherbourg,no,True,124
0,3,male,20.0,0,0,7.05,S,Third,man,True,Southampton,no,True,125
0,3,female,47.0,1,0,14.5,S,Third,woman,False,Southampton,no,False,126
0,2,male,25.0,0,0,13.0,S,Second,man,True,Southampton,no,True,127
0,2,male,23.0,0,0,15.0458,C,Second,man,True,Cherbourg,no,True,128
1,1,female,19.0,0,2,26.2833,S,First,woman,False,Southampton,yes,False,129
0,1,male,37.0,1,0,53.1,S,First,man,True,Southampton,no,False,130
0,3,male,16.0,0,0,9.2167,S,Third,man,True,Southampton,no,True,131
0,1,male,24.0,0,0,79.2,C,First,man,True,Cherbourg,no,True,132
0,3,female,23.0,0,2,15.2458,C,Third,woman,False,Cherbourg,no,False,133
1,3,female,22.0,0,0,7.75,S,Third,woman,False,Southampton,yes,True,134
1,3,female,24.0,1,0,15.85,S,Third,woman,False,Southampton,yes,False,135
0,3,male,19.0,0,0,6.75,Q,Third,man,True,Queenstown,no,True,136
0,2,male,18.0,0,0,11.5,S,Second,man,True,Southampton,no,True,137
0,2,male,19.0,1,1,36.75,S,Second,man,True,Southampton,no,False,138
1,3,male,27.0,0,0,7.7958,S,Third,man,True,Southampton,yes,True,139
0,3,female,9.0,2,2,34.375,S,Third,child,False,Southampton,no,False,140
0,2,male,36.5,0,2,26.0,S,Second,man,True,Southampton,no,False,141
0,2,male,42.0,0,0,13.0,S,Second,man,True,Southampton,no,True,142
0,2,male,51.0,0,0,12.525,S,Second,man,True,Southampton,no,True,143
1,1,female,22.0,1,0,66.6,S,First,woman,False,Southampton,yes,False,144
0,3,male,55.5,0,0,8.05,S,Third,man,True,Southampton,no,True,145
0,3,male,40.5,0,2,14.5,S,Third,man,True,Southampton,no,False,146
0,3,male,23.0,0,0,7.3125,S,Third,man,True,Southampton,no,True,147
0,1,male,51.0,0,1,61.3792,C,First,man,True,Cherbourg,no,False,148
1,3,female,16.0,0,0,7.7333,Q,Third,woman,False,Queenstown,yes,True,149
0,3,male,30.0,0,0,8.05,S,Third,man,True,Southampton,no,True,150
0,3,male,23.0,0,0,8.6625,S,Third,man,True,Southampton,no,True,151
0,3,male,23.0,8,2,69.55,S,Third,man,True,Southampton,no,False,152
0,3,male,44.0,0,1,16.1,S,Third,man,True,Southampton,no,False,153
1,2,female,40.0,0,0,15.75,S,Second,woman,False,Southampton,yes,True,154
0,3,male,26.0,0,0,7.775,S,Third,man,True,Southampton,no,True,155
0,3,male,17.0,0,0,8.6625,S,Third,man,True,Southampton,no,True,156
0,3,male,1.0,4,1,39.6875,S,Third,child,False,Southampton,no,False,157
1,3,male,9.0,0,2,20.525,S,Third,child,False,Southampton,yes,False,158
1,1,female,37.0,0,1,55.0,S,First,woman,False,Southampton,yes,False,159
0,3,female,45.0,1,4,27.9,S,Third,woman,False,Southampton,no,False,160
0,1,male,37.0,0,0,25.925,S,First,man,True,Southampton,no,True,161
0,3,male,28.0,0,0,56.4958,S,Third,man,True,Southampton,no,True,162
0,1,male,61.0,0,0,33.5,S,First,man,True,Southampton,no,True,163
0,3,male,4.0,4,1,29.125,Q,Third,child,False,Queenstown,no,False,164
1,3,female,1.0,1,1,11.1333,S,Third,child,False,Southampton,yes,False,165
0,1,male,56.0,0,0,30.6958,C,First,man,True,Cherbourg,no,True,166
0,3,male,18.0,1,1,7.8542,S,Third,man,True,Southampton,no,False,167
0,3,male,23.0,3,1,25.4667,S,Third,man,True,Southampton,no,False,168
0,1,female,50.0,0,0,28.7125,C,First,woman,False,Cherbourg,no,True,169
0,2,male,30.0,0,0,13.0,S,Second,man,True,Southampton,no,True,170
0,3,male,36.0,0,0,0.0,S,Third,man,True,Southampton,no,True,171
0,3,female,23.0,8,2,69.55,S,Third,woman,False,Southampton,no,False,172
0,2,male,29.0,0,0,15.05,C,Second,man,True,Cherbourg,no,True,173
0,3,male,9.0,4,2,31.3875,S,Third,child,False,Southampton,no,False,174
1,2,male,1.0,2,1,39.0,S,Second,child,False,Southampton,yes,False,175
1,3,female,4.0,0,2,22.025,S,Third,child,False,Southampton,yes,False,176
0,1,male,37.0,0,0,50.0,S,First,man,True,Southampton,no,True,177
1,3,female,23.0,1,0,15.5,Q,Third,woman,False,Queenstown,yes,False,178
1,1,male,45.0,0,0,26.55,S,First,man,True,Southampton,yes,True,179
0,3,male,40.0,1,1,15.5,Q,Third,man,True,Queenstown,no,False,180
0,3,male,36.0,0,0,7.8958,S,Third,man,True,Southampton,no,True,181
1,2,female,32.0,0,0,13.0,S,Second,woman,False,Southampton,yes,True,182
0,2,male,19.0,0,0,13.0,S,Second,man,True,Southampton,no,True,183
1,3,female,19.0,1,0,7.8542,S,Third,woman,False,Southampton,yes,False,184
1,2,male,3.0,1,1,26.0,S,Second,child,False,Southampton,yes,False,185
1,1,female,44.0,0,0,27.7208,C,First,woman,False,Cherbourg,yes,True,186
1,1,female,58.0,0,0,146.5208,C,First,woman,False,Cherbourg,yes,True,187
0,3,male,42.0,0,1,8.4042,S,Third,man,True,Southampton,no,False,188
0,2,female,24.0,0,0,13.0,S,Second,woman,False,Southampton,no,True,189
0,3,male,28.0,0,0,9.5,S,Third,man,True,Southampton,no,True,190
0,3,male,34.0,0,0,6.4958,S,Third,man,True,Southampton,no,True,191
0,3,male,45.5,0,0,7.225,C,Third,man,True,Cherbourg,no,True,192
1,3,male,18.0,0,0,8.05,S,Third,man,True,Southampton,yes,True,193
0,3,female,2.0,0,1,10.4625,S,Third,child,False,Southampton,no,False,194
0,3,male,32.0,1,0,15.85,S,Third,man,True,Southampton,no,False,195
1,3,male,26.0,0,0,18.7875,C,Third,man,True,Cherbourg,yes,True,196
1,3,female,16.0,0,0,7.75,Q,Third,woman,False,Queenstown,yes,True,197
1,1,male,40.0,0,0,31.0,C,First,man,True,Cherbourg,yes,True,198
0,3,male,24.0,0,0,7.05,S,Third,man,True,Southampton,no,True,199
1,2,female,35.0,0,0,21.0,S,Second,woman,False,Southampton,yes,True,200
0,3,male,22.0,0,0,7.25,S,Third,man,True,Southampton,no,True,201
0,3,male,23.0,1,0,7.75,Q,Third,man,True,Queenstown,no,False,202
1,1,female,31.0,1,0,113.275,C,First,woman,False,Cherbourg,yes,False,203
1,3,female,27.0,0,0,7.925,S,Third,woman,False,Southampton,yes,True,204
0,2,male,42.0,1,0,27.0,S,Second,man,True,Southampton,no,False,205
1,1,female,32.0,0,0,76.2917,C,First,woman,False,Cherbourg,yes,True,206
0,2,male,30.0,0,0,10.5,S,Second,man,True,Southampton,no,True,207
1,3,male,16.0,0,0,8.05,S,Third,man,True,Southampton,yes,True,208
0,2,male,27.0,0,0,13.0,S,Second,man,True,Southampton,no,True,209
0,3,male,51.0,0,0,8.05,S,Third,man,True,Southampton,no,True,210
1,1,male,38.0,1,0,90.0,S,First,man,True,Southampton,yes,False,211
0,3,male,22.0,0,0,9.35,S,Third,man,True,Southampton,no,True,212
1,2,male,19.0,0,0,10.5,S,Second,man,True,Southampton,yes,True,213
0,3,male,20.5,0,0,7.25,S,Third,man,True,Southampton,no,True,214
0,2,male,18.0,0,0,13.0,S,Second,man,True,Southampton,no,True,215
0,3,female,23.0,3,1,25.4667,S,Third,woman,False,Southampton,no,False,216
1,1,female,35.0,1,0,83.475,S,First,woman,False,Southampton,yes,False,217
0,3,male,29.0,0,0,7.775,S,Third,man,True,Southampton,no,True,218
0,2,male,59.0,0,0,13.5,S,Second,man,True,Southampton,no,True,219
1,3,female,5.0,4,2,31.3875,S,Third,child,False,Southampton,yes,False,220
0,2,male,24.0,0,0,10.5,S,Second,man,True,Southampton,no,True,221
0,3,female,23.0,0,0,7.55,S,Third,woman,False,Southampton,no,True,222
0,2,male,44.0,1,0,26.0,S,Second,man,True,Southampton,no,False,223
1,2,female,8.0,0,2,26.25,S,Second,child,False,Southampton,yes,False,224
0,2,male,19.0,0,0,10.5,S,Second,man,True,Southampton,no,True,225
0,2,male,33.0,0,0,12.275,S,Second,man,True,Southampton,no,True,226
0,3,female,23.0,1,0,14.4542,C,Third,woman,False,Cherbourg,no,False,227
0,2,male,29.0,0,0,10.5,S,Second,man,True,Southampton,no,True,228
0,3,male,22.0,0,0,7.125,S,Third,man,True,Southampton,no,True,229
0,3,male,30.0,0,0,7.225,C,Third,man,True,Cherbourg,no,True,230
0,1,male,44.0,2,0,90.0,Q,First,man,True,Queenstown,no,False,231
0,3,female,25.0,0,0,7.775,S,Third,woman,False,Southampton,no,True,232
1,2,female,24.0,0,2,14.5,S,Second,woman,False,Southampton,yes,False,233
1,1,male,37.0,1,1,52.5542,S,First,man,True,Southampton,yes,False,234
0,2,male,54.0,1,0,26.0,S,Second,man,True,Southampton,no,False,235
0,3,male,23.0,0,0,7.25,S,Third,man,True,Southampton,no,True,236
0,3,female,29.0,1,1,10.4625,S,Third,woman,False,Southampton,no,False,237
0,1,male,62.0,0,0,26.55,S,First,man,True,Southampton,no,True,238
0,3,male,30.0,1,0,16.1,S,Third,man,True,Southampton,no,False,239
0,3,female,41.0,0,2,20.2125,S,Third,woman,False,Southampton,no,False,240
1,3,female,29.0,0,2,15.2458,C,Third,woman,False,Cherbourg,yes,False,241
1,1,female,37.0,0,0,79.2,C,First,woman,False,Cherbourg,yes,True,242
1,1,female,30.0,0,0,86.5,S,First,woman,False,Southampton,yes,True,243
1,1,female,35.0,0,0,512.3292,C,First,woman,False,Cherbourg,yes,True,244
1,2,female,50.0,0,1,26.0,S,Second,woman,False,Southampton,yes,False,245
1,3,male,3.0,4,2,31.3875,S,Third,child,False,Southampton,yes,False,246
0,1,male,52.0,1,1,79.65,S,First,man,True,Southampton,no,False,247
0,1,male,40.0,0,0,0.0,S,First,man,True,Southampton,no,True,248
0,3,female,23.0,0,0,7.75,Q,Third,woman,False,Queenstown,no,True,249
0,2,male,36.0,0,0,10.5,S,Second,man,True,Southampton,no,True,250
0,3,male,16.0,4,1,39.6875,S,Third,man,True,Southampton,no,False,251
1,3,male,25.0,1,0,7.775,S,Third,man,True,Southampton,yes,False,252
1,1,female,58.0,0,1,153.4625,S,First,woman,False,Southampton,yes,False,253
1,1,female,35.0,0,0,135.6333,S,First,woman,False,Southampton,yes,True,254
0,1,male,37.0,0,0,31.0,S,First,man,True,Southampton,no,True,255
1,3,male,25.0,0,0,0.0,S,Third,man,True,Southampton,yes,True,256
1,2,female,41.0,0,1,19.5,S,Second,woman,False,Southampton,yes,False,257
0,1,male,37.0,0,1,29.7,C,First,man,True,Cherbourg,no,False,258
1,1,female,63.0,1,0,77.9583,S,First,woman,False,Southampton,yes,False,259
0,3,female,45.0,0,0,7.75,S,Third,woman,False,Southampton,no,True,260
0,2,male,29.0,0,0,0.0,S,Second,man,True,Southampton,no,True,261
0,3,male,7.0,4,1,29.125,Q,Third,child,False,Queenstown,no,False,262
1,3,female,35.0,1,1,20.25,S,Third,woman,False,Southampton,yes,False,263
0,3,male,65.0,0,0,7.75,Q,Third,man,True,Queenstown,no,True,264
0,3,male,28.0,0,0,7.8542,S,Third,man,True,Southampton,no,True,265
0,3,male,16.0,0,0,9.5,S,Third,man,True,Southampton,no,True,266
1,3,male,19.0,0,0,8.05,S,Third,man,True,Southampton,yes,True,267
0,1,male,37.0,0,0,26.0,S,First,man,True,Southampton,no,True,268
0,3,male,33.0,0,0,8.6625,C,Third,man,True,Cherbourg,no,True,269
1,3,male,30.0,0,0,9.5,S,Third,man,True,Southampton,yes,True,270
0,3,male,22.0,0,0,7.8958,S,Third,man,True,Southampton,no,True,271
1,2,male,42.0,0,0,13.0,S,Second,man,True,Southampton,yes,True,272
1,3,female,22.0,0,0,7.75,Q,Third,woman,False,Queenstown,yes,True,273
1,1,female,26.0,0,0,78.85,S,First,woman,False,Southampton,yes,True,274
1,1,female,19.0,1,0,91.0792,C,First,woman,False,Cherbourg,yes,False,275
0,2,male,36.0,0,0,12.875,C,Second,man,True,Cherbourg,no,True,276
0,3,female,24.0,0,0,8.85,S,Third,woman,False,Southampton,no,True,277
0,3,male,24.0,0,0,7.8958,S,Third,man,True,Southampton,no,True,278
0,3,male,23.5,0,0,7.2292,C,Third,man,True,Cherbourg,no,True,279
0,1,female,2.0,1,2,151.55,S,First,child,False,Southampton,no,False,280
1,1,male,37.0,0,0,30.5,S,First,man,True,Southampton,yes,True,281
1,1,female,50.0,0,1,247.5208,C,First,woman,False,Cherbourg,yes,False,282
1,3,male,23.0,2,0,23.25,Q,Third,man,True,Queenstown,yes,False,283
0,3,male,19.0,0,0,0.0,S,Third,man,True,Southampton,no,True,284
1,2,female,29.0,0,0,12.35,Q,Second,woman,False,Queenstown,yes,True,285
1,1,male,0.92,1,2,151.55,S,First,child,False,Southampton,yes,False,286
1,1,female,37.0,0,0,110.8833,C,First,woman,False,Cherbourg,yes,True,287
1,1,female,17.0,1,0,108.9,C,First,woman,False,Cherbourg,yes,False,288
0,2,male,30.0,1,0,24.0,C,Second,man,True,Cherbourg,no,False,289
1,1,female,30.0,0,0,56.9292,C,First,woman,False,Cherbourg,yes,True,290
1,1,female,24.0,0,0,83.1583,C,First,woman,False,Cherbourg,yes,True,291
1,1,female,18.0,2,2,262.375,C,First,woman,False,Cherbourg,yes,False,292
0,2,female,26.0,1,1,26.0,S,Second,woman,False,Southampton,no,False,293
0,2,male,43.0,1,1,26.25,S,Second,man,True,Southampton,no,False,294
1,3,female,26.0,0,0,7.8542,S,Third,woman,False,Southampton,yes,True,295
1,2,female,24.0,1,0,26.0,S,Second,woman,False,Southampton,yes,False,296
0,2,male,54.0,0,0,14.0,S,Second,man,True,Southampton,no,True,297
1,1,female,31.0,0,2,164.8667,S,First,woman,False,Southampton,yes,False,298
1,1,female,40.0,1,1,134.5,C,First,woman,False,Cherbourg,yes,False,299
0,3,male,27.0,0,0,7.8958,S,Third,man,True,Southampton,no,True,300
1,2,female,30.0,0,0,12.35,Q,Second,woman,False,Queenstown,yes,True,301
1,2,female,22.0,1,1,29.0,S,Second,woman,False,Southampton,yes,False,302
1,1,female,36.0,0,0,135.6333,C,First,woman,False,Cherbourg,yes,True,303
0,3,male,61.0,0,0,6.2375,S,Third,man,True,Southampton,no,True,304
1,2,female,36.0,0,0,13.0,S,Second,woman,False,Southampton,yes,True,305
1,3,female,31.0,1,1,20.525,S,Third,woman,False,Southampton,yes,False,306
1,1,female,16.0,0,1,57.9792,C,First,woman,False,Cherbourg,yes,False,307
1,3,female,23.0,2,0,23.25,Q,Third,woman,False,Queenstown,yes,False,308
0,1,male,45.5,0,0,28.5,S,First,man,True,Southampton,no,True,309
0,1,male,38.0,0,1,153.4625,S,First,man,True,Southampton,no,False,310
0,3,male,16.0,2,0,18.0,S,Third,man,True,Southampton,no,False,311
1,1,female,37.0,1,0,133.65,S,First,woman,False,Southampton,yes,False,312
0,1,male,29.0,1,0,66.6,S,First,man,True,Southampton,no,False,313
1,1,female,41.0,0,0,134.5,C,First,woman,False,Cherbourg,yes,True,314
1,3,male,45.0,0,0,8.05,S,Third,man,True,Southampton,yes,True,315
0,1,male,45.0,0,0,35.5,S,First,man,True,Southampton,no,True,316
1,2,male,2.0,1,1,26.0,S,Second,child,False,Southampton,yes,False,317
1,1,female,24.0,3,2,263.0,S,First,woman,False,Southampton,yes,False,318
0,2,male,28.0,0,0,13.0,S,Second,man,True,Southampton,no,True,319
0,2,male,36.0,0,0,13.0,S,Second,man,True,Southampton,no,True,320
1,2,female,24.0,0,0,13.0,S,Second,woman,False,Southampton,yes,True,321
1,2,female,40.0,0,0,13.0,S,Second,woman,False,Southampton,yes,True,322
1,3,female,23.0,1,0,16.1,S,Third,woman,False,Southampton,yes,False,323
1,3,male,3.0,1,1,15.9,S,Third,child,False,Southampton,yes,False,324
0,3,male,42.0,0,0,8.6625,S,Third,man,True,Southampton,no,True,325
0,3,male,23.0,0,0,9.225,S,Third,man,True,Southampton,no,True,326
0,1,male,37.0,0,0,35.0,S,First,man,True,Southampton,no,True,327
0,3,male,15.0,1,1,7.2292,C,Third,child,False,Cherbourg,no,False,328
0,3,male,25.0,1,0,17.8,S,Third,man,True,Southampton,no,False,329
1,1,female,22.0,0,1,55.0,S,First,woman,False,Southampton,yes,False,330
0,2,female,38.0,0,0,13.0,S,Second,woman,False,Southampton,no,True,331
0,3,male,40.0,1,4,27.9,S,Third,man,True,Southampton,no,False,332
0,2,male,29.0,1,0,27.7208,C,Second,man,True,Cherbourg,no,False,333
0,3,female,45.0,0,1,14.4542,C,Third,woman,False,Cherbourg,no,False,334
0,3,male,35.0,0,0,7.05,S,Third,man,True,Southampton,no,True,335
0,3,male,30.0,0,0,7.25,S,Third,man,True,Southampton,no,True,336
1,1,female,60.0,1,0,75.25,C,First,woman,False,Cherbourg,yes,False,337
1,3,female,23.0,0,0,7.2292,C,Third,woman,False,Cherbourg,yes,True,338
1,1,female,24.0,0,0,69.3,C,First,woman,False,Cherbourg,yes,True,339
1,1,male,25.0,1,0,55.4417,C,First,man,True,Cherbourg,yes,False,340
0,3,male,18.0,1,0,6.4958,S,Third,man,True,Southampton,no,False,341
0,3,male,19.0,0,0,8.05,S,Third,man,True,Southampton,no,True,342
0,1,male,22.0,0,0,135.6333,C,First,man,True,Cherbourg,no,True,343
0,3,female,3.0,3,1,21.075,S,Third,child,False,Southampton,no,False,344
1,1,female,37.0,1,0,82.1708,C,First,woman,False,Cherbourg,yes,False,345
1,3,female,22.0,0,0,7.25,S,Third,woman,False,Southampton,yes,True,346
0,1,male,27.0,0,2,211.5,C,First,man,True,Cherbourg,no,False,347
0,3,male,20.0,0,0,4.0125,C,Third,man,True,Cherbourg,no,True,348
0,3,male,19.0,0,0,7.775,S,Third,man,True,Southampton,no,True,349
1,1,female,42.0,0,0,227.525,C,First,woman,False,Cherbourg,yes,True,350
1,3,female,1.0,0,2,15.7417,C,Third,child,False,Cherbourg,yes,False,351
0,3,male,32.0,0,0,7.925,S,Third,man,True,Southampton,no,True,352
1,1,female,35.0,1,0,52.0,S,First,woman,False,Southampton,yes,False,353
0,2,male,18.0,0,0,73.5,S,Second,man,True,Southampton,no,True,354
0,3,male,1.0,5,2,46.9,S,Third,child,False,Southampton,no,False,355
0,3,male,23.0,0,0,7.7292,Q,Third,man,True,Queenstown,no,True,356
1,2,female,17.0,0,0,12.0,C,Second,woman,False,Cherbourg,yes,True,357
1,1,male,36.0,1,2,120.0,S,First,man,True,Southampton,yes,False,358
1,3,male,21.0,0,0,7.7958,S,Third,man,True,Southampton,yes,True,359
0,3,male,28.0,2,0,7.925,S,Third,man,True,Southampton,no,False,360
1,1,female,23.0,1,0,113.275,C,First,woman,False,Cherbourg,yes,False,361
1,3,female,24.0,0,2,16.7,S,Third,woman,False,Southampton,yes,False,362
0,3,male,22.0,0,0,7.7958,S,Third,man,True,Southampton,no,True,363
0,3,female,31.0,0,0,7.8542,S,Third,woman,False,Southampton,no,True,364
0,2,male,46.0,0,0,26.0,S,Second,man,True,Southampton,no,True,365
0,2,male,23.0,0,0,10.5,S,Second,man,True,Southampton,no,True,366
1,2,female,28.0,0,0,12.65,S,Second,woman,False,Southampton,yes,True,367
1,3,male,39.0,0,0,7.925,S,Third,man,True,Southampton,yes,True,368
0,3,male,26.0,0,0,8.05,S,Third,man,True,Southampton,no,True,369
0,3,female,21.0,1,0,9.825,S,Third,woman,False,Southampton,no,False,370
0,3,male,28.0,1,0,15.85,S,Third,man,True,Southampton,no,False,371
0,3,female,20.0,0,0,8.6625,S,Third,woman,False,Southampton,no,True,372
0,2,male,34.0,1,0,21.0,S,Second,man,True,Southampton,no,False,373
0,3,male,51.0,0,0,7.75,S,Third,man,True,Southampton,no,True,374
1,2,male,3.0,1,1,18.75,S,Second,child,False,Southampton,yes,False,375
0,3,male,21.0,0,0,7.775,S,Third,man,True,Southampton,no,True,376
0,3,male,23.0,0,0,6.8583,Q,Third,man,True,Queenstown,no,True,377
1,1,female,33.0,1,0,90.0,Q,First,woman,False,Queenstown,yes,False,378
1,3,male,44.0,0,0,7.925,S,Third,man,True,Southampton,yes,True,379
0,3,female,23.0,0,0,8.05,S,Third,woman,False,Southampton,no,True,380
1,2,female,34.0,1,1,32.5,S,Second,woman,False,Southampton,yes,False,381
1,2,female,18.0,0,2,13.0,S,Second,woman,False,Southampton,yes,False,382
0,3,female,10.0,0,2,24.15,S,Third,child,False,Southampton,no,False,383
0,3,male,21.0,0,0,7.7333,Q,Third,man,True,Queenstown,no,True,384
0,3,male,29.0,0,0,7.875,S,Third,man,True,Southampton,no,True,385
0,3,female,28.0,1,1,14.4,S,Third,woman,False,Southampton,no,False,386
0,3,male,18.0,1,1,20.2125,S,Third,man,True,Southampton,no,False,387
1,2,female,28.0,1,0,26.0,S,Second,woman,False,Southampton,yes,False,388
1,2,female,19.0,0,0,26.0,S,Second,woman,False,Southampton,yes,True,389
1,3,male,32.0,0,0,8.05,S,Third,man,True,Southampton,yes,True,390
1,1,male,28.0,0,0,26.55,S,First,man,True,Southampton,yes,True,391
1,2,female,42.0,1,0,26.0,S,Second,woman,False,Southampton,yes,False,392
0,3,male,17.0,0,0,7.125,S,Third,man,True,Southampton,no,True,393
0,1,male,50.0,1,0,55.9,S,First,man,True,Southampton,no,False,394
1,1,female,14.0,1,2,120.0,S,First,child,False,Southampton,yes,False,395
0,3,female,21.0,2,2,34.375,S,Third,woman,False,Southampton,no,False,396
1,2,female,24.0,2,3,18.75,S,Second,woman,False,Southampton,yes,False,397
0,1,male,64.0,1,4,263.0,S,First,man,True,Southampton,no,False,398
0,2,male,31.0,0,0,10.5,S,Second,man,True,Southampton,no,True,399
1,2,female,45.0,1,1,26.25,S,Second,woman,False,Southampton,yes,False,400
0,3,male,20.0,0,0,9.5,S,Third,man,True,Southampton,no,True,401
0,3,male,25.0,1,0,7.775,S,Third,man,True,Southampton,no,False,402
1,2,female,28.0,0,0,13.0,S,Second,woman,False,Southampton,yes,True,403
1,3,male,23.0,0,0,8.1125,S,Third,man,True,Southampton,yes,True,404
1,1,male,4.0,0,2,81.8583,S,First,child,False,Southampton,yes,False,405
1,2,female,13.0,0,1,19.5,S,Second,child,False,Southampton,yes,False,406
1,1,male,34.0,0,0,26.55,S,First,man,True,Southampton,yes,True,407
1,3,female,5.0,2,1,19.2583,C,Third,child,False,Cherbourg,yes,False,408
1,1,male,52.0,0,0,30.5,S,First,man,True,Southampton,yes,True,409
0,2,male,36.0,1,2,27.75,S,Second,man,True,Southampton,no,False,410
0,3,male,23.0,1,0,19.9667,S,Third,man,True,Southampton,no,False,411
0,1,male,30.0,0,0,27.75,C,First,man,True,Cherbourg,no,True,412
1,1,male,49.0,1,0,89.1042,C,First,man,True,Cherbourg,yes,False,413
1,3,male,29.0,0,0,7.8958,C,Third,man,True,Cherbourg,yes,True,414
0,1,male,65.0,0,0,26.55,S,First,man,True,Southampton,no,True,415
1,1,female,37.0,1,0,51.8625,S,First,woman,False,Southampton,yes,False,416
1,2,female,50.0,0,0,10.5,S,Second,woman,False,Southampton,yes,True,417
1,1,male,48.0,0,0,26.55,S,First,man,True,Southampton,yes,True,418
0,3,male,34.0,0,0,8.05,S,Third,man,True,Southampton,no,True,419
0,1,male,47.0,0,0,38.5,S,First,man,True,Southampton,no,True,420
0,2,male,48.0,0,0,13.0,S,Second,man,True,Southampton,no,True,421
0,3,male,38.0,0,0,7.05,S,Third,man,True,Southampton,no,True,422
0,1,male,56.0,0,0,26.55,S,First,man,True,Southampton,no,True,423
0,3,male,23.0,0,0,7.725,Q,Third,man,True,Queenstown,no,True,424
1,3,female,0.75,2,1,19.2583,C,Third,child,False,Cherbourg,yes,False,425
0,3,male,38.0,0,0,8.6625,S,Third,man,True,Southampton,no,True,426
1,2,female,33.0,1,2,27.75,S,Second,woman,False,Southampton,yes,False,427
1,2,female,23.0,0,0,13.7917,C,Second,woman,False,Cherbourg,yes,True,428
0,3,female,22.0,0,0,9.8375,S,Third,woman,False,Southampton,no,True,429
0,1,male,37.0,0,0,52.0,S,First,man,True,Southampton,no,True,430
0,3,male,29.0,1,0,7.0458,S,Third,man,True,Southampton,no,False,431
0,3,male,22.0,0,0,7.5208,S,Third,man,True,Southampton,no,True,432
1,3,female,2.0,0,1,12.2875,S,Third,child,False,Southampton,yes,False,433
0,3,male,9.0,5,2,46.9,S,Third,child,False,Southampton,no,False,434
0,3,male,50.0,0,0,8.05,S,Third,man,True,Southampton,no,True,435
1,3,female,63.0,0,0,9.5875,S,Third,woman,False,Southampton,yes,True,436
1,1,male,25.0,1,0,91.0792,C,First,man,True,Cherbourg,yes,False,437
1,1,female,35.0,1,0,90.0,S,First,woman,False,Southampton,yes,False,438
0,1,male,58.0,0,0,29.7,C,First,man,True,Cherbourg,no,True,439
1,3,male,9.0,1,1,15.9,S,Third,child,False,Southampton,yes,False,440
0,3,male,21.0,0,0,7.25,S,Third,man,True,Southampton,no,True,441
0,1,male,55.0,0,0,30.5,S,First,man,True,Southampton,no,True,442
0,1,male,71.0,0,0,49.5042,C,First,man,True,Cherbourg,no,True,443
0,3,male,23.0,0,0,14.4583,C,Third,man,True,Cherbourg,no,True,444
1,1,female,54.0,1,0,78.2667,C,First,woman,False,Cherbourg,yes,False,445
0,3,male,23.0,0,0,15.1,S,Third,man,True,Southampton,no,True,446
0,1,female,25.0,1,2,151.55,S,First,woman,False,Southampton,no,False,447
0,3,male,24.0,0,0,7.7958,S,Third,man,True,Southampton,no,True,448
0,3,female,21.0,0,0,7.75,Q,Third,woman,False,Queenstown,no,True,449
0,3,female,23.0,0,0,7.6292,Q,Third,woman,False,Queenstown,no,True,450
0,3,female,37.0,0,0,9.5875,S,Third,woman,False,Southampton,no,True,451
1,1,female,16.0,0,0,86.5,S,First,woman,False,Southampton,yes,True,452
0,1,male,18.0,1,0,108.9,C,First,man,True,Cherbourg,no,False,453
1,2,female,33.0,0,2,26.0,S,Second,woman,False,Southampton,yes,False,454
1,1,male,37.0,0,0,26.55,S,First,man,True,Southampton,yes,True,455
0,3,male,28.0,0,0,22.525,S,Third,man,True,Southampton,no,True,456
1,3,male,26.0,0,0,56.4958,S,Third,man,True,Southampton,yes,True,457
1,3,male,29.0,0,0,7.75,Q,Third,man,True,Queenstown,yes,True,458
1,1,male,36.0,0,0,26.2875,S,First,man,True,Southampton,yes,True,459
1,1,female,54.0,1,0,59.4,C,First,woman,False,Cherbourg,yes,False,460
0,3,male,24.0,0,0,7.4958,S,Third,man,True,Southampton,no,True,461
0,1,male,47.0,0,0,34.0208,S,First,man,True,Southampton,no,True,462
1,2,female,34.0,0,0,10.5,S,Second,woman,False,Southampton,yes,True,463
0,3,male,23.0,0,0,24.15,Q,Third,man,True,Queenstown,no,True,464
1,2,female,36.0,1,0,26.0,S,Second,woman,False,Southampton,yes,False,465
0,3,male,32.0,0,0,7.8958,S,Third,man,True,Southampton,no,True,466
1,1,female,30.0,0,0,93.5,S,First,woman,False,Southampton,yes,True,467
1,1,female,44.0,0,1,57.9792,C,First,woman,False,Cherbourg,yes,False,468
0,3,male,23.0,0,0,7.2292,C,Third,man,True,Cherbourg,no,True,469
0,3,male,40.5,0,0,7.75,Q,Third,man,True,Queenstown,no,True,470
0,1,male,37.0,0,0,221.7792,S,First,man,True,Southampton,no,True,471
0,3,male,39.0,0,0,7.925,S,Third,man,True,Southampton,no,True,472
0,2,male,23.0,2,1,11.5,S,Second,man,True,Southampton,no,False,473
1,2,female,2.0,1,1,26.0,S,Second,child,False,Southampton,yes,False,474
0,3,male,17.0,1,1,7.2292,C,Third,man,True,Cherbourg,no,False,475
1,3,female,23.0,0,2,22.3583,C,Third,woman,False,Cherbourg,yes,False,476
0,3,female,30.0,0,0,8.6625,S,Third,woman,False,Southampton,no,True,477
1,2,female,7.0,0,2,26.25,S,Second,child,False,Southampton,yes,False,478
0,1,male,45.0,0,0,26.55,S,First,man,True,Southampton,no,True,479
1,1,female,30.0,0,0,106.425,C,First,woman,False,Cherbourg,yes,True,480
0,3,male,23.0,0,0,14.5,S,Third,man,True,Southampton,no,True,481
1,1,female,22.0,0,2,49.5,C,First,woman,False,Cherbourg,yes,False,482
1,1,female,36.0,0,2,71.0,S,First,woman,False,Southampton,yes,False,483
0,3,female,9.0,4,2,31.275,S,Third,child,False,Southampton,no,False,484
0,3,female,11.0,4,2,31.275,S,Third,child,False,Southampton,no,False,485
1,2,male,32.0,1,0,26.0,S,Second,man,True,Southampton,yes,False,486
0,1,male,50.0,1,0,106.425,C,First,man,True,Cherbourg,no,False,487
0,1,male,64.0,0,0,26.0,S,First,man,True,Southampton,no,True,488
1,2,female,19.0,1,0,26.0,S,Second,woman,False,Southampton,yes,False,489
1,2,male,29.0,0,0,13.8625,C,Second,man,True,Cherbourg,yes,True,490
0,3,male,33.0,1,1,20.525,S,Third,man,True,Southampton,no,False,491
1,2,male,8.0,1,1,36.75,S,Second,child,False,Southampton,yes,False,492
1,1,male,17.0,0,2,110.8833,C,First,man,True,Cherbourg,yes,False,493
0,2,male,27.0,0,0,26.0,S,Second,man,True,Southampton,no,True,494
0,3,male,23.0,0,0,7.8292,Q,Third,man,True,Queenstown,no,True,495
1,3,male,22.0,0,0,7.225,C,Third,man,True,Cherbourg,yes,True,496
1,3,female,22.0,0,0,7.775,S,Third,woman,False,Southampton,yes,True,497
1,1,female,48.0,1,0,39.6,C,First,woman,False,Cherbourg,yes,False,498
0,1,male,37.0,0,0,227.525,C,First,man,True,Cherbourg,no,True,499
1,1,female,39.0,1,1,79.65,S,First,woman,False,Southampton,yes,False,500
1,3,female,36.0,1,0,17.4,S,Third,woman,False,Southampton,yes,False,501
0,3,male,40.0,0,0,7.8958,S,Third,man,True,Southampton,no,True,502
0,2,male,28.0,0,0,13.5,S,Second,man,True,Southampton,no,True,503
0,3,male,24.0,2,0,24.15,S,Third,man,True,Southampton,no,False,504
0,3,male,19.0,0,0,7.8958,S,Third,man,True,Southampton,no,True,505
0,3,female,29.0,0,4,21.075,S,Third,woman,False,Southampton,no,False,506
1,3,male,32.0,0,0,7.8542,S,Third,man,True,Southampton,yes,True,507
1,2,male,62.0,0,0,10.5,S,Second,man,True,Southampton,yes,True,508
1,1,female,53.0,2,0,51.4792,S,First,woman,False,Southampton,yes,False,509
1,1,male,36.0,0,0,26.3875,S,First,man,True,Southampton,yes,True,510
0,3,male,16.0,0,0,8.05,S,Third,man,True,Southampton,no,True,511
0,3,male,19.0,0,0,14.5,S,Third,man,True,Southampton,no,True,512
1,2,female,34.0,0,0,13.0,S,Second,woman,False,Southampton,yes,True,513
1,1,female,39.0,1,0,55.9,S,First,woman,False,Southampton,yes,False,514
0,3,female,23.0,1,0,14.4583,C,Third,woman,False,Cherbourg,no,False,515
1,3,male,32.0,0,0,7.925,S,Third,man,True,Southampton,yes,True,516
1,2,female,25.0,1,1,30.0,S,Second,woman,False,Southampton,yes,False,517
1,1,female,39.0,1,1,110.8833,C,First,woman,False,Cherbourg,yes,False,518
0,2,male,54.0,0,0,26.0,S,Second,man,True,Southampton,no,True,519
0,1,male,36.0,0,0,40.125,C,First,man,True,Cherbourg,no,True,520
0,3,male,23.0,0,0,8.7125,C,Third,man,True,Cherbourg,no,True,521
1,1,female,18.0,0,2,79.65,S,First,woman,False,Southampton,yes,False,522
0,2,male,47.0,0,0,15.0,S,Second,man,True,Southampton,no,True,523
1,1,male,60.0,1,1,79.2,C,First,man,True,Cherbourg,yes,False,524
0,3,male,35.0,0,0,7.125,S,Third,man,True,Southampton,no,True,525
1,1,female,52.0,1,0,78.2667,C,First,woman,False,Cherbourg,yes,False,526
0,3,male,47.0,0,0,7.25,S,Third,man,True,Southampton,no,True,527
0,3,female,23.0,0,2,7.75,Q,Third,woman,False,Queenstown,no,False,528
0,2,male,37.0,1,0,26.0,S,Second,man,True,Southampton,no,False,529
0,3,male,36.0,1,1,24.15,S,Third,man,True,Southampton,no,False,530
1,2,female,29.0,0,0,33.0,S,Second,woman,False,Southampton,yes,True,531
0,3,male,49.0,0,0,0.0,S,Third,man,True,Southampton,no,True,532
1,1,male,49.0,1,0,56.9292,C,First,man,True,Cherbourg,yes,False,533
1,2,female,24.0,2,1,27.0,S,Second,woman,False,Southampton,yes,False,534
0,1,male,37.0,0,0,42.4,S,First,man,True,Southampton,no,True,535
0,3,male,44.0,0,0,8.05,S,Third,man,True,Southampton,no,True,536
1,1,male,35.0,0,0,26.55,C,First,man,True,Cherbourg,yes,True,537
0,3,male,36.0,1,0,15.55,S,Third,man,True,Southampton,no,False,538
0,3,male,30.0,0,0,7.8958,S,Third,man,True,Southampton,no,True,539
1,1,male,27.0,0,0,30.5,S,First,man,True,Southampton,yes,True,540
1,2,female,22.0,1,2,41.5792,C,Second,woman,False,Cherbourg,yes,False,541
1,1,female,40.0,0,0,153.4625,S,First,woman,False,Southampton,yes,True,542
0,3,female,39.0,1,5,31.275,S,Third,woman,False,Southampton,no,False,543
0,3,male,23.0,0,0,7.05,S,Third,man,True,Southampton,no,True,544
1,2,female,24.0,1,2,65.0,S,Second,woman,False,Southampton,yes,False,545
0,3,male,34.0,1,1,14.4,S,Third,man,True,Southampton,no,False,546
0,3,female,26.0,1,0,16.1,S,Third,woman,False,Southampton,no,False,547
1,2,female,4.0,2,1,39.0,S,Second,child,False,Southampton,yes,False,548
0,2,male,26.0,0,0,10.5,S,Second,man,True,Southampton,no,True,549
0,3,male,27.0,1,0,14.4542,C,Third,man,True,Cherbourg,no,False,550
1,1,male,42.0,1,0,52.5542,S,First,man,True,Southampton,yes,False,551
1,3,male,20.0,1,1,15.7417,C,Third,man,True,Cherbourg,yes,False,552
0,3,male,21.0,0,0,7.8542,S,Third,man,True,Southampton,no,True,553
0,3,male,21.0,0,0,16.1,S,Third,man,True,Southampton,no,True,554
0,1,male,61.0,0,0,32.3208,S,First,man,True,Southampton,no,True,555
0,2,male,57.0,0,0,12.35,Q,Second,man,True,Queenstown,no,True,556
1,1,female,21.0,0,0,77.9583,S,First,woman,False,Southampton,yes,True,557
0,3,male,26.0,0,0,7.8958,S,Third,man,True,Southampton,no,True,558
0,3,male,23.0,0,0,7.7333,Q,Third,man,True,Queenstown,no,True,559
1,1,male,80.0,0,0,30.0,S,First,man,True,Southampton,yes,True,560
0,3,male,51.0,0,0,7.0542,S,Third,man,True,Southampton,no,True,561
1,1,male,32.0,0,0,30.5,C,First,man,True,Cherbourg,yes,True,562
0,1,male,37.0,0,0,0.0,S,First,man,True,Southampton,no,True,563
0,3,female,9.0,3,2,27.9,S,Third,child,False,Southampton,no,False,564
0,2,male,31.0,1,1,26.25,S,Second,man,True,Southampton,no,False,565
0,3,female,41.0,0,5,39.6875,S,Third,woman,False,Southampton,no,False,566
0,3,male,23.0,1,0,16.1,S,Third,man,True,Southampton,no,False,567
0,3,female,2.0,3,2,27.9,S,Third,child,False,Southampton,no,False,568
1,3,male,23.0,0,0,56.4958,S,Third,man,True,Southampton,yes,True,569
1,1,male,48.0,1,0,76.7292,C,First,man,True,Cherbourg,yes,False,570
1,1,male,56.0,0,0,35.5,C,First,man,True,Cherbourg,yes,True,571
0,3,male,23.0,0,0,7.55,S,Third,man,True,Southampton,no,True,572
1,3,female,23.0,0,0,7.55,S,Third,woman,False,Southampton,yes,True,573
1,2,female,18.0,0,1,23.0,S,Second,woman,False,Southampton,yes,False,574
0,3,male,21.0,0,0,8.4333,S,Third,man,True,Southampton,no,True,575
1,3,female,23.0,0,0,7.8292,Q,Third,woman,False,Queenstown,yes,True,576
0,3,female,18.0,0,0,6.75,Q,Third,woman,False,Queenstown,no,True,577
0,2,male,24.0,2,0,73.5,S,Second,man,True,Southampton,no,False,578
0,3,female,32.0,1,1,15.5,Q,Third,woman,False,Queenstown,no,False,579
0,2,male,23.0,0,0,13.0,S,Second,man,True,Southampton,no,True,580
0,1,male,58.0,0,2,113.275,C,First,man,True,Cherbourg,no,False,581
1,1,male,50.0,2,0,133.65,S,First,man,True,Southampton,yes,False,582
0,3,male,40.0,0,0,7.225,C,Third,man,True,Cherbourg,no,True,583
0,1,male,47.0,0,0,25.5875,S,First,man,True,Southampton,no,True,584
0,3,male,36.0,0,0,7.4958,S,Third,man,True,Southampton,no,True,585
1,3,male,20.0,1,0,7.925,S,Third,man,True,Southampton,yes,False,586
0,2,male,32.0,2,0,73.5,S,Second,man,True,Southampton,no,False,587
0,3,male,23.0,0,0,7.775,S,Third,man,True,Southampton,no,True,588
0,3,male,43.0,0,0,8.05,S,Third,man,True,Southampton,no,True,589
1,1,female,37.0,1,0,52.0,S,First,woman,False,Southampton,yes,False,590
1,2,female,40.0,1,1,39.0,S,Second,woman,False,Southampton,yes,False,591
0,1,male,31.0,1,0,52.0,S,First,man,True,Southampton,no,False,592
0,2,male,70.0,0,0,10.5,S,Second,man,True,Southampton,no,True,593
1,2,male,31.0,0,0,13.0,S,Second,man,True,Southampton,yes,True,594
0,3,male,18.0,0,0,7.775,S,Third,man,True,Southampton,no,True,595
0,3,male,24.5,0,0,8.05,S,Third,man,True,Southampton,no,True,596
1,3,female,18.0,0,0,9.8417,S,Third,woman,False,Southampton,yes,True,597
0,3,female,43.0,1,6,46.9,S,Third,woman,False,Southampton,no,False,598
1,1,male,36.0,0,1,512.3292,C,First,man,True,Cherbourg,yes,False,599
0,3,female,23.0,0,0,8.1375,Q,Third,woman,False,Queenstown,no,True,600
1,1,male,27.0,0,0,76.7292,C,First,man,True,Cherbourg,yes,True,601
0,3,male,20.0,0,0,9.225,S,Third,man,True,Southampton,no,True,602
0,3,male,14.0,5,2,46.9,S,Third,child,False,Southampton,no,False,603
0,2,male,60.0,1,1,39.0,S,Second,man,True,Southampton,no,False,604
0,2,male,25.0,1,2,41.5792,C,Second,man,True,Cherbourg,no,False,605
0,3,male,14.0,4,1,39.6875,S,Third,child,False,Southampton,no,False,606
0,3,male,19.0,0,0,10.1708,S,Third,man,True,Southampton,no,True,607
0,3,male,18.0,0,0,7.7958,S,Third,man,True,Southampton,no,True,608
1,1,female,15.0,0,1,211.3375,S,First,child,False,Southampton,yes,False,609
1,1,male,31.0,1,0,57.0,S,First,man,True,Southampton,yes,False,610
1,3,female,4.0,0,1,13.4167,C,Third,child,False,Cherbourg,yes,False,611
0,3,male,25.0,0,0,7.225,C,Third,man,True,Cherbourg,no,True,612
0,1,male,60.0,0,0,26.55,S,First,man,True,Southampton,no,True,613
0,2,male,52.0,0,0,13.5,S,Second,man,True,Southampton,no,True,614
1,3,female,23.0,0,0,7.7333,Q,Third,woman,False,Queenstown,yes,True,615
0,1,male,49.0,1,1,110.8833,C,First,man,True,Cherbourg,no,False,616
0,3,male,42.0,0,0,7.65,S,Third,man,True,Southampton,no,True,617
1,1,female,18.0,1,0,227.525,C,First,woman,False,Cherbourg,yes,False,618
1,1,male,35.0,0,0,26.2875,S,First,man,True,Southampton,yes,True,619
0,3,female,18.0,0,1,14.4542,C,Third,woman,False,Cherbourg,no,False,620
0,3,male,25.0,0,0,7.7417,Q,Third,man,True,Queenstown,no,True,621
0,3,male,26.0,1,0,7.8542,S,Third,man,True,Southampton,no,False,622
0,2,male,39.0,0,0,26.0,S,Second,man,True,Southampton,no,True,623
1,2,female,45.0,0,0,13.5,S,Second,woman,False,Southampton,yes,True,624
1,1,male,42.0,0,0,26.2875,S,First,man,True,Southampton,yes,True,625
1,1,female,22.0,0,0,151.55,S,First,woman,False,Southampton,yes,True,626
1,1,female,24.0,0,0,49.5042,C,First,woman,False,Cherbourg,yes,True,627
0,1,male,37.0,0,0,26.55,S,First,man,True,Southampton,no,True,628
1,1,male,48.0,1,0,52.0,S,First,man,True,Southampton,yes,False,629
0,3,male,29.0,0,0,9.4833,S,Third,man,True,Southampton,no,True,630
0,2,male,52.0,0,0,13.0,S,Second,man,True,Southampton,no,True,631
0,3,male,19.0,0,0,7.65,S,Third,man,True,Southampton,no,True,632
1,1,female,38.0,0,0,227.525,C,First,woman,False,Cherbourg,yes,True,633
1,2,female,27.0,0,0,10.5,S,Second,woman,False,Southampton,yes,True,634
0,3,male,23.0,0,0,15.5,Q,Third,man,True,Queenstown,no,True,635
0,3,male,33.0,0,0,7.775,S,Third,man,True,Southampton,no,True,636
1,2,female,6.0,0,1,33.0,S,Second,child,False,Southampton,yes,False,637
0,3,male,17.0,1,0,7.0542,S,Third,man,True,Southampton,no,False,638
0,2,male,34.0,0,0,13.0,S,Second,man,True,Southampton,no,True,639
0,2,male,50.0,0,0,13.0,S,Second,man,True,Southampton,no,True,640
1,1,male,27.0,1,0,53.1,S,First,man,True,Southampton,yes,False,641
0,3,male,20.0,0,0,8.6625,S,Third,man,True,Southampton,no,True,642
1,2,female,30.0,3,0,21.0,S,Second,woman,False,Southampton,yes,False,643
1,3,female,23.0,0,0,7.7375,Q,Third,woman,False,Queenstown,yes,True,644
0,2,male,25.0,1,0,26.0,S,Second,man,True,Southampton,no,False,645
0,3,female,25.0,1,0,7.925,S,Third,woman,False,Southampton,no,False,646
1,1,female,29.0,0,0,211.3375,S,First,woman,False,Southampton,yes,True,647
0,3,male,11.0,0,0,18.7875,C,Third,child,False,Cherbourg,no,True,648
0,3,male,28.5,0,0,16.1,S,Third,man,True,Southampton,no,True,649
0,3,female,48.0,1,3,34.375,S,Third,woman,False,Southampton,no,False,650
1,1,male,35.0,0,0,512.3292,C,First,man,True,Cherbourg,yes,True,651
1,1,male,37.0,0,0,30.0,S,First,man,True,Southampton,yes,True,652
0,1,male,36.0,1,0,78.85,S,First,man,True,Southampton,no,False,653
1,1,female,21.0,2,2,262.375,C,First,woman,False,Cherbourg,yes,False,654
0,3,male,24.0,1,0,16.1,S,Third,man,True,Southampton,no,False,655
1,3,male,31.0,0,0,7.925,S,Third,man,True,Southampton,yes,True,656
0,1,male,70.0,1,1,71.0,S,First,man,True,Southampton,no,False,657
0,3,male,16.0,1,1,20.25,S,Third,man,True,Southampton,no,False,658
1,2,female,30.0,0,0,13.0,S,Second,woman,False,Southampton,yes,True,659
0,1,male,19.0,1,0,53.1,S,First,man,True,Southampton,no,False,660
0,3,male,31.0,0,0,7.75,Q,Third,man,True,Queenstown,no,True,661
1,2,female,4.0,1,1,23.0,S,Second,child,False,Southampton,yes,False,662
1,3,male,6.0,0,1,12.475,S,Third,child,False,Southampton,yes,False,663
0,3,male,33.0,0,0,9.5,S,Third,man,True,Southampton,no,True,664
1,2,female,48.0,1,2,65.0,S,Second,woman,False,Southampton,yes,False,665
1,2,male,0.67,1,1,14.5,S,Second,child,False,Southampton,yes,False,666
0,3,male,28.0,0,0,7.7958,S,Third,man,True,Southampton,no,True,667
1,1,female,33.0,0,0,86.5,S,First,woman,False,Southampton,yes,True,668
0,3,male,41.0,0,0,7.125,S,Third,man,True,Southampton,no,True,669
1,3,male,20.0,0,0,7.2292,C,Third,man,True,Cherbourg,yes,True,670
1,1,female,36.0,1,2,120.0,S,First,woman,False,Southampton,yes,False,671
0,3,male,16.0,0,0,7.775,S,Third,man,True,Southampton,no,True,672
1,1,female,51.0,1,0,77.9583,S,First,woman,False,Southampton,yes,False,673
0,1,male,37.0,0,0,39.6,C,First,man,True,Cherbourg,no,True,674
0,3,female,30.5,0,0,7.75,Q,Third,woman,False,Queenstown,no,True,675
0,3,male,23.0,1,0,24.15,Q,Third,man,True,Queenstown,no,False,676
0,3,male,32.0,0,0,8.3625,S,Third,man,True,Southampton,no,True,677
0,3,male,24.0,0,0,9.5,S,Third,man,True,Southampton,no,True,678
0,3,male,48.0,0,0,7.8542,S,Third,man,True,Southampton,no,True,679
0,2,female,57.0,0,0,10.5,S,Second,woman,False,Southampton,no,True,680
1,2,female,54.0,1,3,23.0,S,Second,woman,False,Southampton,yes,False,681
0,3,male,18.0,0,0,7.75,S,Third,man,True,Southampton,no,True,682
1,3,female,5.0,0,0,12.475,S,Third,child,False,Southampton,yes,True,683
0,3,male,23.0,0,0,7.7375,Q,Third,man,True,Queenstown,no,True,684
1,1,female,43.0,0,1,211.3375,S,First,woman,False,Southampton,yes,False,685
1,3,female,13.0,0,0,7.2292,C,Third,child,False,Cherbourg,yes,True,686
1,1,female,17.0,1,0,57.0,S,First,woman,False,Southampton,yes,False,687
0,1,male,29.0,0,0,30.0,S,First,man,True,Southampton,no,True,688
0,3,male,23.0,1,2,23.45,S,Third,man,True,Southampton,no,False,689
0,3,male,25.0,0,0,7.05,S,Third,man,True,Southampton,no,True,690
0,3,male,25.0,0,0,7.25,S,Third,man,True,Southampton,no,True,691
1,3,female,18.0,0,0,7.4958,S,Third,woman,False,Southampton,yes,True,692
0,3,male,8.0,4,1,29.125,Q,Third,child,False,Queenstown,no,False,693
1,3,male,1.0,1,2,20.575,S,Third,child,False,Southampton,yes,False,694
0,1,male,46.0,0,0,79.2,C,First,man,True,Cherbourg,no,True,695
0,2,male,16.0,0,0,26.0,S,Second,man,True,Southampton,no,True,696
0,1,male,37.0,0,0,30.6958,C,First,man,True,Cherbourg,no,True,697
0,3,male,25.0,0,0,7.8958,S,Third,man,True,Southampton,no,True,698
0,2,male,39.0,0,0,13.0,S,Second,man,True,Southampton,no,True,699
1,1,female,49.0,0,0,25.9292,S,First,woman,False,Southampton,yes,True,700
1,3,female,31.0,0,0,8.6833,S,Third,woman,False,Southampton,yes,True,701
0,3,male,30.0,0,0,7.2292,C,Third,man,True,Cherbourg,no,True,702
0,3,female,30.0,1,1,24.15,S,Third,woman,False,Southampton,no,False,703
1,2,female,31.0,1,1,26.25,S,Second,woman,False,Southampton,yes,False,704
1,1,male,11.0,1,2,120.0,S,First,child,False,Southampton,yes,False,705
1,3,male,0.42,0,1,8.5167,C,Third,child,False,Cherbourg,yes,False,706
1,3,male,27.0,0,0,6.975,S,Third,man,True,Southampton,yes,True,707
0,3,male,31.0,0,0,7.775,S,Third,man,True,Southampton,no,True,708
0,1,male,39.0,0,0,0.0,S,First,man,True,Southampton,no,True,709
0,3,female,18.0,0,0,7.775,S,Third,woman,False,Southampton,no,True,710
1,1,female,33.0,1,0,53.1,S,First,woman,False,Southampton,yes,False,711
0,3,male,26.0,0,0,7.8875,S,Third,man,True,Southampton,no,True,712
0,3,male,39.0,0,0,24.15,S,Third,man,True,Southampton,no,True,713
0,2,male,35.0,0,0,10.5,S,Second,man,True,Southampton,no,True,714
0,3,female,6.0,4,2,31.275,S,Third,child,False,Southampton,no,False,715
0,3,male,30.5,0,0,8.05,S,Third,man,True,Southampton,no,True,716
0,3,female,23.0,0,0,7.925,S,Third,woman,False,Southampton,no,True,717
0,2,male,31.0,1,1,37.0042,C,Second,man,True,Cherbourg,no,False,718
0,3,male,43.0,0,0,6.45,S,Third,man,True,Southampton,no,True,719
0,3,male,10.0,3,2,27.9,S,Third,child,False,Southampton,no,False,720
1,1,female,52.0,1,1,93.5,S,First,woman,False,Southampton,yes,False,721
1,3,male,27.0,0,0,8.6625,S,Third,man,True,Southampton,yes,True,722
0,1,male,38.0,0,0,0.0,S,First,man,True,Southampton,no,True,723
1,3,female,27.0,0,1,12.475,S,Third,woman,False,Southampton,yes,False,724
0,3,male,2.0,4,1,39.6875,S,Third,child,False,Southampton,no,False,725
0,3,male,23.0,0,0,6.95,Q,Third,man,True,Queenstown,no,True,726
0,3,male,23.0,0,0,56.4958,S,Third,man,True,Southampton,no,True,727
1,2,male,1.0,0,2,37.0042,C,Second,child,False,Cherbourg,yes,False,728
1,3,male,23.0,0,0,7.75,Q,Third,man,True,Queenstown,yes,True,729
1,1,female,62.0,0,0,80.0,Q,First,woman,False,Queenstown,yes,True,730
1,3,female,15.0,1,0,14.4542,C,Third,child,False,Cherbourg,yes,False,731
1,2,male,0.83,1,1,18.75,S,Second,child,False,Southampton,yes,False,732
0,3,male,23.0,0,0,7.8542,S,Third,man,True,Southampton,no,True,733
0,3,male,18.0,0,0,8.3,S,Third,man,True,Southampton,no,True,734
1,1,female,39.0,1,1,83.1583,C,First,woman,False,Cherbourg,yes,False,735
0,3,male,21.0,0,0,8.6625,S,Third,man,True,Southampton,no,True,736
1,1,male,37.0,0,0,29.7,C,First,man,True,Cherbourg,yes,True,737
0,3,male,20.0,0,0,7.925,S,Third,man,True,Southampton,no,True,738
0,2,male,16.0,0,0,10.5,S,Second,man,True,Southampton,no,True,739
1,1,female,30.0,0,0,31.0,C,First,woman,False,Cherbourg,yes,True,740
0,3,male,34.5,0,0,6.4375,C,Third,man,True,Cherbourg,no,True,741
0,3,male,42.0,0,0,7.55,S,Third,man,True,Southampton,no,True,742
0,3,male,35.0,0,0,7.8958,C,Third,man,True,Cherbourg,no,True,743
0,2,male,28.0,0,1,33.0,S,Second,man,True,Southampton,no,False,744
1,1,female,37.0,1,0,89.1042,C,First,woman,False,Cherbourg,yes,False,745
0,3,male,4.0,4,2,31.275,S,Third,child,False,Southampton,no,False,746
0,3,male,74.0,0,0,7.775,S,Third,man,True,Southampton,no,True,747
0,3,female,9.0,1,1,15.2458,C,Third,child,False,Cherbourg,no,False,748
1,1,female,16.0,0,1,39.4,S,First,woman,False,Southampton,yes,False,749
0,2,female,44.0,1,0,26.0,S,Second,woman,False,Southampton,no,False,750
1,3,female,18.0,0,1,9.35,S,Third,woman,False,Southampton,yes,False,751
1,1,female,45.0,1,1,164.8667,S,First,woman,False,Southampton,yes,False,752
1,1,male,51.0,0,0,26.55,S,First,man,True,Southampton,yes,True,753
1,3,female,24.0,0,3,19.2583,C,Third,woman,False,Cherbourg,yes,False,754
0,3,male,41.0,2,0,14.1083,S,Third,man,True,Southampton,no,False,755
0,2,male,21.0,1,0,11.5,S,Second,man,True,Southampton,no,False,756
1,1,female,48.0,0,0,25.9292,S,First,woman,False,Southampton,yes,True,757
0,2,male,24.0,0,0,13.0,S,Second,man,True,Southampton,no,True,758
1,2,female,42.0,0,0,13.0,S,Second,woman,False,Southampton,yes,True,759
1,2,female,27.0,1,0,13.8583,C,Second,woman,False,Cherbourg,yes,False,760
0,1,male,31.0,0,0,50.4958,S,First,man,True,Southampton,no,True,761
0,3,male,23.0,0,0,9.5,S,Third,man,True,Southampton,no,True,762
1,3,male,4.0,1,1,11.1333,S,Third,child,False,Southampton,yes,False,763
1,1,female,47.0,1,1,52.5542,S,First,woman,False,Southampton,yes,False,764
0,1,male,33.0,0,0,5.0,S,First,man,True,Southampton,no,True,765
0,3,male,47.0,0,0,9.0,S,Third,man,True,Southampton,no,True,766
1,2,female,28.0,1,0,24.0,C,Second,woman,False,Cherbourg,yes,False,767
1,3,female,15.0,0,0,7.225,C,Third,child,False,Cherbourg,yes,True,768
0,3,male,20.0,0,0,9.8458,S,Third,man,True,Southampton,no,True,769
1,1,female,56.0,0,1,83.1583,C,First,woman,False,Cherbourg,yes,False,770
1,2,female,25.0,0,1,26.0,S,Second,woman,False,Southampton,yes,False,771
0,3,male,33.0,0,0,7.8958,S,Third,man,True,Southampton,no,True,772
0,3,female,22.0,0,0,10.5167,S,Third,woman,False,Southampton,no,True,773
0,2,male,28.0,0,0,10.5,S,Second,man,True,Southampton,no,True,774
0,3,female,39.0,0,5,29.125,Q,Third,woman,False,Queenstown,no,False,775
1,1,female,19.0,0,0,30.0,S,First,woman,False,Southampton,yes,True,776
0,3,female,23.0,1,2,23.45,S,Third,woman,False,Southampton,no,False,777
1,1,male,26.0,0,0,30.0,C,First,man,True,Cherbourg,yes,True,778
0,3,male,32.0,0,0,7.75,Q,Third,man,True,Queenstown,no,True,779
